{"cameraMode":{"drawMode":0,"name":"Shaded","section":"Shading Mode"},"sceneLighting":false,"audioPlay":false,"sceneViewState":{"showFog":true,"showMaterialUpdate":false,"showSkybox":false,"showFlares":true,"showImageEffects":true,"showParticleSystems":true},"in2DMode":false,"pivot":{"x":0.006909534335136414,"y":1.0528442859649659,"z":1.1609998941421509},"rotation":{"x":-0.024807918816804887,"y":0.9713321924209595,"z":-0.1174280121922493,"w":-0.2052050232887268},"size":3.856001138687134,"orthographic":false}