{"cameraMode":{"drawMode":0,"name":"Shaded","section":"Shading Mode"},"sceneLighting":false,"audioPlay":false,"sceneViewState":{"showFog":true,"showMaterialUpdate":false,"showSkybox":true,"showFlares":true,"showImageEffects":true,"showParticleSystems":true},"in2DMode":false,"pivot":{"x":0.23798179626464845,"y":2.028223991394043,"z":52.22196960449219},"rotation":{"x":-0.05691481754183769,"y":0.17194533348083497,"z":-0.009951519779860974,"w":-0.9834107160568237},"size":105.31420135498047,"orthographic":false}